{
    "133.tar_1607.04116.gz_nonlinear-xxx_6_ori.jpg": {
        "height": 1000,
        "width": 773,
        "url": "133.tar_1607.04116.gz_nonlinear-xxx_6_ori.json"
    },
    "78.tar_1604.08865.gz_main_0_ori.jpg": {
        "height": 1000,
        "width": 773,
        "url": "78.tar_1604.08865.gz_main_0_ori.json"
    }
}